INSERT INTO buser (id,username,password,buser_code,role_id) VALUES
                                                                (1,'admin','e10adc3949ba59abbe56e057f20f883e','admin',1876170317037293568),
                                                                (1876186134182731776,'学习','e10adc3949ba59abbe56e057f20f883e','learn',1876431089115107328),
                                                                (1887041246278152192,'test','e10adc3949ba59abbe56e057f20f883e','test',1887041190997225472),
                                                                (1889976345915641856,'ai体验','e10adc3949ba59abbe56e057f20f883e','aitest',1889976289825214464);
INSERT INTO chinese_poetry_classify (id,classify_name,order_num) VALUES
                                                                     (1892513225687117824,'其他',45),
                                                                     (1892811684373037056,'曹操诗集',1),
                                                                     (1892820892431515648,'楚辞',2),
                                                                     (1892823512952963072,'论语',3),
                                                                     (1892826576648765440,'百家姓',4),
                                                                     (1892827387139293184,'弟子規',5),
                                                                     (1892845804909551616,'古文觀止-卷一・周文',6),
                                                                     (1892846652184125440,'古文觀止-卷二・周文',7),
                                                                     (1892846849031200768,'古文觀止-卷三・周文',8),
                                                                     (1892847075250987008,'古文觀止-卷四・戰國文',9);
INSERT INTO chinese_poetry_classify (id,classify_name,order_num) VALUES
                                                                     (1892847359327002624,'古文觀止-卷五・漢文',10),
                                                                     (1892847528806244352,'古文觀止-卷六・漢文',11),
                                                                     (1892847665758658560,'古文觀止-卷七・六朝唐文',12),
                                                                     (1892847775544565760,'古文觀止-卷八・唐文',13),
                                                                     (1892847973800927232,'古文觀止-卷九・唐宋文',14),
                                                                     (1892848114960228352,'古文觀止-卷十・宋文',15),
                                                                     (1892848272817053696,'古文觀止-卷十一・宋文',16),
                                                                     (1892848389913632768,'古文觀止-卷十二・明文',17),
                                                                     (1892855362100977664,'千家詩-五言絕句',18),
                                                                     (1892861929929981952,'千家詩-五言律詩',19);
INSERT INTO chinese_poetry_classify (id,classify_name,order_num) VALUES
                                                                     (1892861998179696640,'千家詩-七言絕句',21),
                                                                     (1892862079385616384,'千家詩-七言律詩',20),
                                                                     (1892871225836044288,'聲律啓蒙',22),
                                                                     (1892871394585477120,'唐詩三百首-五言絕句',23),
                                                                     (1892871474407276544,'唐詩三百首-七言絕句',24),
                                                                     (1892871532024430592,'唐詩三百首-五言律詩',25),
                                                                     (1892871591537410048,'唐詩三百首-七言律詩',26),
                                                                     (1892871649964064768,'唐詩三百首-五言古詩',27),
                                                                     (1892871709867114496,'唐詩三百首-七言古詩',28),
                                                                     (1892871774610391040,'唐詩三百首-樂府',29);
INSERT INTO chinese_poetry_classify (id,classify_name,order_num) VALUES
                                                                     (1892872224285917184,'文字蒙求',30),
                                                                     (1892872565916172288,'幼學瓊林',31),
                                                                     (1892872758539583488,'增廣賢文',32),
                                                                     (1892873643441258496,'纳兰性德',33),
                                                                     (1893850501631459328,'全唐诗',35),
                                                                     (1893850664479506432,'唐诗三百首',34),
                                                                     (1893855803196792832,'诗经',36),
                                                                     (1893855915276984320,'水墨唐诗',37),
                                                                     (1893856114179268608,'四书五经',38),
                                                                     (1893856821036933120,'宋词',40);
INSERT INTO chinese_poetry_classify (id,classify_name,order_num) VALUES
                                                                     (1893856885880872960,'宋词三百首',39),
                                                                     (1893859532911398912,'五代诗词',41),
                                                                     (1893860053592297472,'幽梦影',42),
                                                                     (1893863448494120960,'御定全唐詩',43),
                                                                     (1893863956127657984,'元曲',44);
INSERT INTO custom_page (id,custom_name,page_value) VALUES
                                                        (1888049584674750464,'推广页面','<p style="text-indent: 2em; line-height: 2;"><span style="font-size: 19px;">SIMPLE_PROJECT 自定义页面发布系统</span></p><p style="text-indent: 2em; text-align: left; line-height: 2;"><img src="http://file.vict5220.top/AeyEyfifXg__2025_02_12__13_46_37.jpg?attname=%E5%BE%AE%E4%BF%A1%E5%9B%BE%E7%89%87_20250208111520.jpg" alt="微信图片_20250208111520.jpg" data-href="http://file.vict5220.top/AeyEyfifXg__2025_02_12__13_46_37.jpg?attname=%E5%BE%AE%E4%BF%A1%E5%9B%BE%E7%89%87_20250208111520.jpg" style="width: 50%;"></p>'),
                                                        (1889976607518576640,'AI体验','<p style="text-indent: 2em;"><span style="font-size: 32px;">AI体验地址: &nbsp; </span><a href="https://www.vict5220.top/simple-server/web/login?username=aitest&amp;password=123456" target="_blank"><span style="color: rgb(66, 144, 247); font-size: 32px;"><u>打开链接</u></span></a><span style="font-size: 32px;"> </span></p><p style="text-indent: 2em;"><img src="http://file.vict5220.top/sTWIKNPT89__2025_02_13__17_55_45.png?attname=%E5%BE%AE%E4%BF%A1%E5%9B%BE%E7%89%87_20250213175531.png" alt="微信图片_20250213175531.png" data-href="http://file.vict5220.top/sTWIKNPT89__2025_02_13__17_55_45.png?attname=微信图片_20250213175531.png" style="width: 455.00px;height: 321.33px;"></p><p style="text-indent: 2em;">如需教程请扫码:</p><p style="text-indent: 2em;"><img src="http://file.vict5220.top/qyc9PmWPvs__2025_02_14__10_54_36.png?attname=%E9%97%B2%E9%B1%BC%E5%88%86%E4%BA%AB%E5%9B%BE.png" alt="闲鱼分享图.png" data-href="http://file.vict5220.top/qyc9PmWPvs__2025_02_14__10_54_36.png?attname=闲鱼分享图.png" style="width: 312.32px;height: 641.43px;"></p>');
INSERT INTO customer (id,customer_phone,customer_name,password) VALUES
                                                                    (1887141016347525120,'11111','略略略',NULL),
                                                                    (1887141643538579456,'666','整挺好',NULL),
                                                                    (1900088046289477632,'13111111111','体验账号','E10ADC3949BA59ABBE56E057F20F883E');
INSERT INTO image (id,url,attname,order_num,svg_code,base64_code,image_type) VALUES
                                                                                 (1897162535931240448,'http://file.vict5220.top/a38WDjkxFP__2025_03_05__13_49_30.jpg?attname=%E5%BE%AE%E4%BF%A1%E5%9B%BE%E7%89%87_20250208111520.jpg','微信图片_20250208111520.jpg',142,NULL,NULL,'url'),
                                                                                 (1897193361163182080,'http://file.vict5220.top/QMCBgsIxp3__2025_03_05__15_51_59.svg?attname=%E8%AE%BE%E7%BD%AE.svg','设置.svg',145,NULL,NULL,'url'),
                                                                                 (1897201727478456320,'http://file.vict5220.top/pw1MEu7svh__2025_03_05__16_25_13.svg?attname=%E5%A4%B4%E5%83%8F.svg','头像.svg',143,NULL,NULL,'url'),
                                                                                 (1897201766309322752,'http://file.vict5220.top/mYcDihl9xm__2025_03_05__16_25_23.svg?attname=%E9%A6%96%E9%A1%B5.svg','首页.svg',144,NULL,NULL,'url'),
                                                                                 (1897535958267490304,NULL,NULL,148,'<svg t="1740712073780" class="icon" viewBox="0 0 1024 1024" version="1.1" xmlns="http://www.w3.org/2000/svg" p-id="1715" width="64" height="64" xmlns:xlink="http://www.w3.org/1999/xlink"><path d="M512 328c-100.8 0-184 83.2-184 184S411.2 696 512 696 696 612.8 696 512 612.8 328 512 328z m0 320c-75.2 0-136-60.8-136-136s60.8-136 136-136 136 60.8 136 136-60.8 136-136 136z" p-id="1716" fill="#2c2c2c"></path><path d="M857.6 572.8c-20.8-12.8-33.6-35.2-33.6-60.8s12.8-46.4 33.6-60.8c14.4-9.6 20.8-27.2 16-44.8-8-27.2-19.2-52.8-32-76.8-8-14.4-25.6-24-43.2-19.2-24 4.8-48-1.6-65.6-19.2-17.6-17.6-24-41.6-19.2-65.6 3.2-16-4.8-33.6-19.2-43.2-24-14.4-51.2-24-76.8-32-16-4.8-35.2 1.6-44.8 16-12.8 20.8-35.2 33.6-60.8 33.6s-46.4-12.8-60.8-33.6c-9.6-14.4-27.2-20.8-44.8-16-27.2 8-52.8 19.2-76.8 32-14.4 8-24 25.6-19.2 43.2 4.8 24-1.6 49.6-19.2 65.6-17.6 17.6-41.6 24-65.6 19.2-16-3.2-33.6 4.8-43.2 19.2-14.4 24-24 51.2-32 76.8-4.8 16 1.6 35.2 16 44.8 20.8 12.8 33.6 35.2 33.6 60.8s-12.8 46.4-33.6 60.8c-14.4 9.6-20.8 27.2-16 44.8 8 27.2 19.2 52.8 32 76.8 8 14.4 25.6 22.4 43.2 19.2 24-4.8 49.6 1.6 65.6 19.2 17.6 17.6 24 41.6 19.2 65.6-3.2 16 4.8 33.6 19.2 43.2 24 14.4 51.2 24 76.8 32 16 4.8 35.2-1.6 44.8-16 12.8-20.8 35.2-33.6 60.8-33.6s46.4 12.8 60.8 33.6c8 11.2 20.8 17.6 33.6 17.6 3.2 0 8 0 11.2-1.6 27.2-8 52.8-19.2 76.8-32 14.4-8 24-25.6 19.2-43.2-4.8-24 1.6-49.6 19.2-65.6 17.6-17.6 41.6-24 65.6-19.2 16 3.2 33.6-4.8 43.2-19.2 14.4-24 24-51.2 32-76.8 4.8-17.6-1.6-35.2-16-44.8z m-56 92.8c-38.4-6.4-76.8 6.4-104 33.6-27.2 27.2-40 65.6-33.6 104-17.6 9.6-36.8 17.6-56 24-22.4-30.4-57.6-49.6-97.6-49.6-38.4 0-73.6 17.6-97.6 49.6-19.2-6.4-38.4-14.4-56-24 6.4-38.4-6.4-76.8-33.6-104-27.2-27.2-65.6-40-104-33.6-9.6-17.6-17.6-36.8-24-56 30.4-22.4 49.6-57.6 49.6-97.6 0-38.4-17.6-73.6-49.6-97.6 6.4-19.2 14.4-38.4 24-56 38.4 6.4 76.8-6.4 104-33.6 27.2-27.2 40-65.6 33.6-104 17.6-9.6 36.8-17.6 56-24 22.4 30.4 57.6 49.6 97.6 49.6 38.4 0 73.6-17.6 97.6-49.6 19.2 6.4 38.4 14.4 56 24-6.4 38.4 6.4 76.8 33.6 104 27.2 27.2 65.6 40 104 33.6 9.6 17.6 17.6 36.8 24 56-30.4 22.4-49.6 57.6-49.6 97.6 0 38.4 17.6 73.6 49.6 97.6-6.4 19.2-14.4 38.4-24 56z" p-id="1717" fill="#2c2c2c"></path></svg>',NULL,'svg'),
                                                                                 (1897547134579978240,NULL,NULL,153,NULL,'data:image/svg+xml;base64,PHN2ZyB4bWxucz0iaHR0cDovL3d3dy53My5vcmcvMjAwMC9zdmciIHdpZHRoPSIzMiIgaGVpZ2h0PSIzMiIgY2xhc3M9Imljb24iIHZpZXdCb3g9IjAgMCAxMDI0IDEwMjQiPjxwYXRoIGZpbGw9IiM0RDRENEQiIGQ9Ik00OTYuNjQ5IDg5Ny41OGMtMTIuNjQyIDE2LjI1NC0xOS44NjYgNDYuOTU2LTE5Ljg2NiA3MC40MzQgMCAzMC43MDIgMTYuMjU0IDU1Ljk4NiAzNi4xMiA1NS45ODZzMzYuMTItMjUuMjg0IDM2LjEyLTU1Ljk4NmMwLTIxLjY3Mi05LjAzLTUyLjM3NC0xOS44NjYtNjguNjI4di0yMS42NzJjODguNDk0LTMuNjEyIDE2OS43NjQtMzkuNzMyIDIzMS4xNjgtOTUuNzE4bDE0LjQ0NyAxNC40NDhjMS44MDYgMTkuODY2IDE5Ljg2NiA0OC43NjIgMzQuMzE0IDYzLjIxIDIxLjY3MiAyMS42NzIgNTAuNTY4IDI4Ljg5NiA2NS4wMTYgMTQuNDQ4IDE0LjQ0OC0xNC40NDggNy4yMjQtNDMuMzQ0LTE0LjQ0OC02NS4wMTYtMTYuMjU0LTE2LjI1NC00My4zNDQtMzIuNTA4LTYzLjIxLTM0LjMxNEw3ODAuMTkgNzU4LjUyYzU1Ljk4Ni02MS40MDQgOTIuMTA2LTE0Mi42NzQgOTUuNzE4LTIzMS4xNjhoMjEuNjcyYzE2LjI1NCAxMi42NDIgNDguNzYyIDE5Ljg2NiA3MC40MzQgMTkuODY2IDMwLjcwMiAwIDU1Ljk4Ni0xNi4yNTQgNTUuOTg2LTM2LjEycy0yNS4yODQtMzYuMTItNTUuOTg2LTM2LjEyYy0yMS42NzIgMC01Mi4zNzQgOS4wMy02OC42MjggMTkuODY2aC0yMS42NzJjLTMuNjEyLTg4LjQ5NC0zOS43MzItMTY5Ljc2NC05NS43MTgtMjMxLjE2OGwxNi4yNTQtMTYuMjUzYzE5Ljg2Ni0zLjYxMiA0OC43NjItMTkuODY2IDYzLjIxLTM0LjMxNCAyMS42NzItMjEuNjcyIDI4Ljg5Ni01MC41NjggMTQuNDQ4LTY1LjAxNi0xNC40NDgtMTQuNDQ4LTQzLjM0NC03LjIyNC02NS4wMTYgMTQuNDQ4LTE2LjI1NCAxNi4yNTQtMzIuNTA4IDQzLjM0NC0zNC4zMTQgNjMuMjFsLTE4LjA2IDE4LjA2Yy02MS40MDMtNTUuOTg2LTE0Mi42NzMtOTIuMTA2LTIzMS4xNjctOTUuNzE4VjEyNi40MmMxMi42NDItMTYuMjU0IDE5Ljg2Ni00Ni45NTYgMTkuODY2LTcwLjQzNEM1NDcuMjE3IDI1LjI4NCA1MzAuOTYzIDAgNTExLjA5NyAwcy0zNi4xMiAyNS4yODQtMzYuMTIgNTUuOTg2YzAgMjEuNjcyIDkuMDMgNTQuMTggMTkuODY2IDcwLjQzNHYyMy40NzhjLTg4LjQ5NCAzLjYxMi0xNjkuNzY0IDM5LjczMi0yMzEuMTY4IDk1LjcxOGwtMTYuMjUzLTE2LjI1NGMtMS44MDYtMTkuODY2LTE5Ljg2Ni00OC43NjItMzQuMzE0LTYzLjIxLTIxLjY3Mi0yMS42NzItNTAuNTY4LTI4Ljg5Ni02NS4wMTYtMTQuNDQ4LTE0LjQ0OCAxNC40NDgtNy4yMjQgNDMuMzQ0IDE0LjQ0OCA2NS4wMTYgMTYuMjU0IDE2LjI1NCA0My4zNDQgMzIuNTA4IDYzLjIxIDM0LjMxNGwxNi4yNTQgMTYuMjUzYy01NS45ODYgNjEuNDA0LTkyLjEwNiAxNDIuNjc0LTk1LjcxOCAyMzEuMTY4SDEyNi40MmMtMTYuMjU0LTEyLjY0Mi00OC43NjItMTkuODY2LTcwLjQzNC0xOS44NjZDMjUuMjg0IDQ3OC41OSAwIDQ5NC44NDMgMCA1MTQuNzFzMjUuMjg0IDM2LjEyIDU1Ljk4NiAzNi4xMmMyMS42NzIgMCA1NC4xOC05LjAzIDY4LjYyOC0xOS44NjZoMjEuNjcyYzMuNjEyIDg4LjQ5NCAzOS43MzIgMTY5Ljc2NCA5NS43MTggMjMxLjE2OGwtMTQuNDQ4IDE0LjQ0N2MtMTkuODY2IDMuNjEyLTQ4Ljc2MiAxOS44NjYtNjMuMjEgMzQuMzE0LTIxLjY3MiAyMS42NzItMjcuMDkgNTAuNTY4LTE0LjQ0OCA2NS4wMTYgMTQuNDQ4IDE0LjQ0OCA0My4zNDQgNy4yMjQgNjUuMDE2LTE0LjQ0OCAxNi4yNTQtMTYuMjU0IDMyLjUwOC00My4zNDQgMzQuMzE0LTYzLjIxbDE0LjQ0Ny0xNC40NDhjNjEuNDA0IDU1Ljk4NiAxNDIuNjc0IDkyLjEwNiAyMzEuMTY4IDk1LjcxOHYxOC4wNnpNNzI2LjAxMSA3MDQuMzQgNjEyLjIzMyA1OTAuNTZjMTQuNDQ4LTE4LjA2IDIzLjQ3OC0zOS43MzIgMjcuMDktNjMuMjFoMTYwLjczM2MtNS40MTggNjguNjI4LTMyLjUwNyAxMzAuMDMyLTc0LjA0NSAxNzYuOTg4bTcyLjI0LTIwNy42OUg2MzcuNTE2Yy0zLjYxMi0yMy40NzgtMTIuNjQyLTQ1LjE1LTI3LjA5LTYzLjIxbDExMS45NzItMTExLjk3MmM0NS4xNSA0Ni45NTYgNzIuMjQgMTA4LjM2IDc1Ljg1MSAxNzUuMTgybS0yNzAuOS0yNzAuOWM2Ni44MjIgMy42MTMgMTI4LjIyNiAzMC43MDIgMTc1LjE4MiA3Mi4yNEw1OTAuNTYgNDA5Ljk2MWMtMTguMDYtMTQuNDQ4LTM5LjczMi0yMy40NzgtNjMuMjEtMjcuMDl6bTMyLjUwOCAyNzAuOWMwLTEuODA2LTEuODA2LTUuNDE4LTMuNjEyLTcuMjI0bDMyLjUwOC0zMC43MDJjNy4yMjQgMTAuODM2IDE0LjQ0OCAyNS4yODQgMTYuMjU0IDM3LjkyNnptNDMuMzQ0IDMwLjcwMmMtMS44MDYgMTQuNDQ4LTcuMjI0IDI3LjA5LTE2LjI1NCAzNy45MjZsLTMwLjcwMi0zMC43MDJjMS44MDYtMS44MDYgMS44MDYtNS40MTggMy42MTItNy4yMjR6bS03NS44NTItMTA4LjM2YzE0LjQ0OCAxLjgwNiAyNy4wOSA3LjIyNCAzNy45MjYgMTYuMjU0bC0zMi41MDggMzIuNTA4Yy0xLjgwNi0xLjgwNi0zLjYxMi0xLjgwNi03LjIyNC0zLjYxMnYtNDUuMTV6bTAgMTQwLjg2OGMzLjYxMiAwIDUuNDE4LTEuODA2IDcuMjI0LTMuNjEybDMwLjcwMiAzMC43MDJjLTEwLjgzNiA3LjIyNC0yNS4yODQgMTIuNjQyLTM3LjkyNiAxNi4yNTR6bTAgNzkuNDY0YzIzLjQ3OC0zLjYxMiA0NS4xNS0xMi42NDIgNjMuMjEtMjcuMDlMNzA0LjMzOSA3MjYuMDFjLTQ2Ljk1NiA0My4zNDMtMTA4LjM2IDcwLjQzMy0xNzYuOTg4IDc0LjA0NXptLTMwLjcwMi0zNi4xMmMtMTQuNDQ4LTEuODA2LTI3LjA5LTcuMjI0LTM3LjkyNi0xNi4yNTRsMzAuNzAyLTMwLjcwMmMxLjgwNiAxLjgwNiA1LjQxOCAxLjgwNiA3LjIyNCAzLjYxMnptLTMyLjUwOC03NS44NTJjMCAxLjgwNiAxLjgwNiA1LjQxOCAzLjYxMiA3LjIyNGwtMzAuNzAyIDMwLjcwMmMtOS4wMy0xMC44MzYtMTQuNDQ4LTIzLjQ3OC0xNi4yNTQtMzcuOTI2em0tNDUuMTUtMzAuNzAyYzEuODA2LTE0LjQ0OCA3LjIyNC0yNy4wOSAxNi4yNTQtMzcuOTI2bDMwLjcwMiAzMi41MDhjLTEuODA2IDEuODA2LTEuODA2IDUuNDE4LTMuNjEyIDcuMjI0aC00My4zNDR6bTc3LjY1OC0zMi41MDhjLTEuODA2IDAtNS40MTggMS44MDYtNy4yMjQgMy42MTJsLTMyLjUwOC0zMi41MDhjMTAuODM2LTkuMDMgMjUuMjg0LTE0LjQ0OCAzNy45MjYtMTYuMjU0djQ1LjE1em0wLTIzOC4zOTF2MTU4LjkyN2MtMjMuNDc4IDMuNjEyLTQ1LjE1IDEyLjY0Mi02My4yMSAyNy4wOUwzMjEuNDY3IDI5OS43OTVjNDYuOTU2LTQzLjM0NCAxMDYuNTU0LTcwLjQzMyAxNzUuMTgyLTc0LjA0NW0tMTk4LjY2IDk1LjcxN0w0MDkuOTYxIDQzMy40NGMtMTQuNDQ4IDE4LjA2LTIzLjQ3OCAzOS43MzItMjcuMDkgNjMuMjFIMjIyLjEzOGM3LjIyNC02Ni44MjIgMzQuMzEzLTEyOC4yMjYgNzUuODUxLTE3NS4xODJtLTcyLjI0IDIwNS44ODRoMTYwLjczNGMzLjYxMiAyMy40NzggMTIuNjQyIDQ1LjE1IDI3LjA5IDYzLjIxTDI5Ny45OSA3MDQuMzM5Yy00My4zNDMtNDYuOTU2LTY4LjYyNy0xMDguMzYtNzIuMjQtMTc2Ljk4OG05My45MTIgMTk4LjY2TDQzMy40NCA2MTIuMjMzYzE4LjA2IDE0LjQ0OCAzOS43MzIgMjMuNDc4IDYzLjIxIDI3LjA5djE2MC43MzNjLTY4LjYyOC0zLjYxMi0xMzAuMDMyLTMwLjcwMi0xNzYuOTg4LTc0LjA0NSIvPjwvc3ZnPg==','base64'),
                                                                                 (1897558577295228928,NULL,NULL,150,'<svg t="1741248190305" class="icon" viewBox="0 0 1024 1024" version="1.1" xmlns="http://www.w3.org/2000/svg" p-id="6590" width="32" height="32"><path d="M661.333 665.6l51.2 12.8 42.667-72.533-34.133-38.4c4.266-21.334 4.266-38.4 4.266-55.467s0-34.133-4.266-51.2l34.133-38.4-42.667-72.533-51.2 12.8c-25.6-21.334-55.466-42.667-89.6-51.2L554.667 256h-85.334l-17.066 51.2c-34.134 8.533-64 25.6-89.6 51.2l-51.2-12.8-42.667 72.533 34.133 38.4c-4.266 21.334-4.266 38.4-4.266 55.467s0 34.133 4.266 51.2L268.8 601.6l42.667 72.533 51.2-12.8c25.6 21.334 55.466 42.667 89.6 51.2L469.333 768h85.334l17.066-51.2c34.134-8.533 64-25.6 89.6-51.2z m38.4 81.067c-21.333 17.066-51.2 34.133-76.8 42.666l-25.6 64H426.667l-25.6-64c-29.867-12.8-55.467-25.6-76.8-42.666L256 759.467l-85.333-149.334 42.666-51.2V512c0-17.067 0-29.867 4.267-42.667l-42.667-51.2L260.267 268.8l68.266 12.8c21.334-17.067 51.2-34.133 76.8-42.667l21.334-68.266h170.666l25.6 64c29.867 12.8 55.467 25.6 76.8 42.666l68.267-12.8 85.333 149.334-42.666 51.2c4.266 12.8 4.266 29.866 4.266 42.666s0 29.867-4.266 42.667l42.666 51.2L768 750.933l-68.267-4.266zM512 554.667c25.6 0 42.667-17.067 42.667-42.667S537.6 469.333 512 469.333 469.333 486.4 469.333 512 486.4 554.667 512 554.667zM512 640c-72.533 0-128-55.467-128-128s55.467-128 128-128 128 55.467 128 128-55.467 128-128 128z" fill="#444444" p-id="6591"></path></svg>',NULL,'svg'),
                                                                                 (1897558626502803456,NULL,NULL,152,'<svg t="1741248198873" class="icon" viewBox="0 0 1024 1024" version="1.1" xmlns="http://www.w3.org/2000/svg" p-id="6748" width="32" height="32"><path d="M1024 0H0v1024h1024z" fill="#FFFFFF" fill-opacity=".01" p-id="6749"></path><path d="M444.16 153.216l-32 32a96 96 0 0 1-67.904 28.16h-34.944a96 96 0 0 0-96 96v34.88a96 96 0 0 1-28.16 67.84l-32 32a96 96 0 0 0 0 135.808l32 32 6.72 7.296c13.504 16.192 21.44 38.016 21.44 60.544v34.944a96 96 0 0 0 96 96h34.944a96 96 0 0 1 67.84 28.096l32 32a96 96 0 0 0 135.808 0l32-32a96 96 0 0 1 67.84-28.16h34.944a96 96 0 0 0 96-96v-34.88c0-25.472 10.112-49.92 28.096-67.84l32-32a96 96 0 0 0 0-135.808l-32-32a96 96 0 0 1-28.16-67.84v-34.944a96 96 0 0 0-96-96h-34.88a96 96 0 0 1-67.84-28.16l-32-32a96 96 0 0 0-135.808 0z" fill="#5C82FF" p-id="6750"></path><path d="M512 640a128 128 0 1 0 0-256 128 128 0 0 0 0 256z" fill="#CAE9FF" p-id="6751"></path></svg>',NULL,'svg'),
                                                                                 (1897559445239332864,NULL,NULL,155,NULL,'data:image/svg+xml;base64,PHN2ZyB4bWxucz0iaHR0cDovL3d3dy53My5vcmcvMjAwMC9zdmciIHdpZHRoPSI2NCIgaGVpZ2h0PSI2NCIgY2xhc3M9Imljb24iIHZpZXdCb3g9IjAgMCAxMDI0IDEwMjQiPjxwYXRoIGZpbGw9IiMyYzJjMmMiIGQ9Ik01MTIgMzI4Yy0xMDAuOCAwLTE4NCA4My4yLTE4NCAxODRzODMuMiAxODQgMTg0IDE4NCAxODQtODMuMiAxODQtMTg0LTgzLjItMTg0LTE4NC0xODRtMCAzMjBjLTc1LjIgMC0xMzYtNjAuOC0xMzYtMTM2czYwLjgtMTM2IDEzNi0xMzYgMTM2IDYwLjggMTM2IDEzNi02MC44IDEzNi0xMzYgMTM2Ii8+PHBhdGggZmlsbD0iIzJjMmMyYyIgZD0iTTg1Ny42IDU3Mi44QzgzNi44IDU2MCA4MjQgNTM3LjYgODI0IDUxMnMxMi44LTQ2LjQgMzMuNi02MC44YzE0LjQtOS42IDIwLjgtMjcuMiAxNi00NC44LTgtMjcuMi0xOS4yLTUyLjgtMzItNzYuOC04LTE0LjQtMjUuNi0yNC00My4yLTE5LjItMjQgNC44LTQ4LTEuNi02NS42LTE5LjItMTcuNi0xNy42LTI0LTQxLjYtMTkuMi02NS42IDMuMi0xNi00LjgtMzMuNi0xOS4yLTQzLjItMjQtMTQuNC01MS4yLTI0LTc2LjgtMzItMTYtNC44LTM1LjIgMS42LTQ0LjggMTZDNTYwIDE4Ny4yIDUzNy42IDIwMCA1MTIgMjAwcy00Ni40LTEyLjgtNjAuOC0zMy42Yy05LjYtMTQuNC0yNy4yLTIwLjgtNDQuOC0xNi0yNy4yIDgtNTIuOCAxOS4yLTc2LjggMzItMTQuNCA4LTI0IDI1LjYtMTkuMiA0My4yIDQuOCAyNC0xLjYgNDkuNi0xOS4yIDY1LjYtMTcuNiAxNy42LTQxLjYgMjQtNjUuNiAxOS4yLTE2LTMuMi0zMy42IDQuOC00My4yIDE5LjItMTQuNCAyNC0yNCA1MS4yLTMyIDc2LjgtNC44IDE2IDEuNiAzNS4yIDE2IDQ0LjhDMTg3LjIgNDY0IDIwMCA0ODYuNCAyMDAgNTEycy0xMi44IDQ2LjQtMzMuNiA2MC44Yy0xNC40IDkuNi0yMC44IDI3LjItMTYgNDQuOCA4IDI3LjIgMTkuMiA1Mi44IDMyIDc2LjggOCAxNC40IDI1LjYgMjIuNCA0My4yIDE5LjIgMjQtNC44IDQ5LjYgMS42IDY1LjYgMTkuMiAxNy42IDE3LjYgMjQgNDEuNiAxOS4yIDY1LjYtMy4yIDE2IDQuOCAzMy42IDE5LjIgNDMuMiAyNCAxNC40IDUxLjIgMjQgNzYuOCAzMiAxNiA0LjggMzUuMi0xLjYgNDQuOC0xNkM0NjQgODM2LjggNDg2LjQgODI0IDUxMiA4MjRzNDYuNCAxMi44IDYwLjggMzMuNmM4IDExLjIgMjAuOCAxNy42IDMzLjYgMTcuNiAzLjIgMCA4IDAgMTEuMi0xLjYgMjcuMi04IDUyLjgtMTkuMiA3Ni44LTMyIDE0LjQtOCAyNC0yNS42IDE5LjItNDMuMi00LjgtMjQgMS42LTQ5LjYgMTkuMi02NS42IDE3LjYtMTcuNiA0MS42LTI0IDY1LjYtMTkuMiAxNiAzLjIgMzMuNi00LjggNDMuMi0xOS4yIDE0LjQtMjQgMjQtNTEuMiAzMi03Ni44IDQuOC0xNy42LTEuNi0zNS4yLTE2LTQ0LjhtLTU2IDkyLjhjLTM4LjQtNi40LTc2LjggNi40LTEwNCAzMy42LTI3LjIgMjcuMi00MCA2NS42LTMzLjYgMTA0LTE3LjYgOS42LTM2LjggMTcuNi01NiAyNC0yMi40LTMwLjQtNTcuNi00OS42LTk3LjYtNDkuNi0zOC40IDAtNzMuNiAxNy42LTk3LjYgNDkuNi0xOS4yLTYuNC0zOC40LTE0LjQtNTYtMjQgNi40LTM4LjQtNi40LTc2LjgtMzMuNi0xMDQtMjcuMi0yNy4yLTY1LjYtNDAtMTA0LTMzLjYtOS42LTE3LjYtMTcuNi0zNi44LTI0LTU2IDMwLjQtMjIuNCA0OS42LTU3LjYgNDkuNi05Ny42IDAtMzguNC0xNy42LTczLjYtNDkuNi05Ny42IDYuNC0xOS4yIDE0LjQtMzguNCAyNC01NiAzOC40IDYuNCA3Ni44LTYuNCAxMDQtMzMuNiAyNy4yLTI3LjIgNDAtNjUuNiAzMy42LTEwNCAxNy42LTkuNiAzNi44LTE3LjYgNTYtMjQgMjIuNCAzMC40IDU3LjYgNDkuNiA5Ny42IDQ5LjYgMzguNCAwIDczLjYtMTcuNiA5Ny42LTQ5LjYgMTkuMiA2LjQgMzguNCAxNC40IDU2IDI0LTYuNCAzOC40IDYuNCA3Ni44IDMzLjYgMTA0IDI3LjIgMjcuMiA2NS42IDQwIDEwNCAzMy42IDkuNiAxNy42IDE3LjYgMzYuOCAyNCA1NkM3OTUuMiA0MzYuOCA3NzYgNDcyIDc3NiA1MTJjMCAzOC40IDE3LjYgNzMuNiA0OS42IDk3LjYtNi40IDE5LjItMTQuNCAzOC40LTI0IDU2Ii8+PC9zdmc+','base64'),
                                                                                 (1897559872152371200,NULL,NULL,154,NULL,'data:image/svg+xml;base64,PHN2ZyB4bWxucz0iaHR0cDovL3d3dy53My5vcmcvMjAwMC9zdmciIHdpZHRoPSI2NCIgaGVpZ2h0PSI2NCIgY2xhc3M9Imljb24iIHZpZXdCb3g9IjAgMCAxMDI0IDEwMjQiPjxwYXRoIGZpbGw9IiM4QThBOEEiIGQ9Ik01MTIgMGE1MTIgNTEyIDAgMSAwIDUxMiA1MTJBNTEyIDUxMiAwIDAgMCA1MTIgME0yMTMuMzMzIDgzMkEyOTguNjY3IDI5OC42NjcgMCAwIDEgNTEyIDUzMy4zMzNhMTcwLjY2NyAxNzAuNjY3IDAgMSAxIDE3MC42NjctMTcwLjY2NkExNzAuNjY3IDE3MC42NjcgMCAwIDEgNTEyIDUzMy4zMzMgMjk4LjY2NyAyOTguNjY3IDAgMCAxIDgxMC42NjcgODMyeiIvPjwvc3ZnPg==','base64');
INSERT INTO image (id,url,attname,order_num,svg_code,base64_code,image_type) VALUES
                                                                                 (1899001788448432128,NULL,NULL,149,'<svg t="1741248190305" class="icon" viewBox="0 0 1024 1024" version="1.1" xmlns="http://www.w3.org/2000/svg" p-id="6590" width="32" height="32"><path d="M661.333 665.6l51.2 12.8 42.667-72.533-34.133-38.4c4.266-21.334 4.266-38.4 4.266-55.467s0-34.133-4.266-51.2l34.133-38.4-42.667-72.533-51.2 12.8c-25.6-21.334-55.466-42.667-89.6-51.2L554.667 256h-85.334l-17.066 51.2c-34.134 8.533-64 25.6-89.6 51.2l-51.2-12.8-42.667 72.533 34.133 38.4c-4.266 21.334-4.266 38.4-4.266 55.467s0 34.133 4.266 51.2L268.8 601.6l42.667 72.533 51.2-12.8c25.6 21.334 55.466 42.667 89.6 51.2L469.333 768h85.334l17.066-51.2c34.134-8.533 64-25.6 89.6-51.2z m38.4 81.067c-21.333 17.066-51.2 34.133-76.8 42.666l-25.6 64H426.667l-25.6-64c-29.867-12.8-55.467-25.6-76.8-42.666L256 759.467l-85.333-149.334 42.666-51.2V512c0-17.067 0-29.867 4.267-42.667l-42.667-51.2L260.267 268.8l68.266 12.8c21.334-17.067 51.2-34.133 76.8-42.667l21.334-68.266h170.666l25.6 64c29.867 12.8 55.467 25.6 76.8 42.666l68.267-12.8 85.333 149.334-42.666 51.2c4.266 12.8 4.266 29.866 4.266 42.666s0 29.867-4.266 42.667l42.666 51.2L768 750.933l-68.267-4.266zM512 554.667c25.6 0 42.667-17.067 42.667-42.667S537.6 469.333 512 469.333 469.333 486.4 469.333 512 486.4 554.667 512 554.667zM512 640c-72.533 0-128-55.467-128-128s55.467-128 128-128 128 55.467 128 128-55.467 128-128 128z" fill="#444444" p-id="6591"></path></svg>',NULL,'svg'),
                                                                                 (1899001805171122176,NULL,NULL,151,'<svg t="1741248190305" class="icon" viewBox="0 0 1024 1024" version="1.1" xmlns="http://www.w3.org/2000/svg" p-id="6590" width="32" height="32"><path d="M661.333 665.6l51.2 12.8 42.667-72.533-34.133-38.4c4.266-21.334 4.266-38.4 4.266-55.467s0-34.133-4.266-51.2l34.133-38.4-42.667-72.533-51.2 12.8c-25.6-21.334-55.466-42.667-89.6-51.2L554.667 256h-85.334l-17.066 51.2c-34.134 8.533-64 25.6-89.6 51.2l-51.2-12.8-42.667 72.533 34.133 38.4c-4.266 21.334-4.266 38.4-4.266 55.467s0 34.133 4.266 51.2L268.8 601.6l42.667 72.533 51.2-12.8c25.6 21.334 55.466 42.667 89.6 51.2L469.333 768h85.334l17.066-51.2c34.134-8.533 64-25.6 89.6-51.2z m38.4 81.067c-21.333 17.066-51.2 34.133-76.8 42.666l-25.6 64H426.667l-25.6-64c-29.867-12.8-55.467-25.6-76.8-42.666L256 759.467l-85.333-149.334 42.666-51.2V512c0-17.067 0-29.867 4.267-42.667l-42.667-51.2L260.267 268.8l68.266 12.8c21.334-17.067 51.2-34.133 76.8-42.667l21.334-68.266h170.666l25.6 64c29.867 12.8 55.467 25.6 76.8 42.666l68.267-12.8 85.333 149.334-42.666 51.2c4.266 12.8 4.266 29.866 4.266 42.666s0 29.867-4.266 42.667l42.666 51.2L768 750.933l-68.267-4.266zM512 554.667c25.6 0 42.667-17.067 42.667-42.667S537.6 469.333 512 469.333 469.333 486.4 469.333 512 486.4 554.667 512 554.667zM512 640c-72.533 0-128-55.467-128-128s55.467-128 128-128 128 55.467 128 128-55.467 128-128 128z" fill="#444444" p-id="6591"></path></svg>',NULL,'svg');
INSERT INTO job (id,job_name,cron,bean_name,method_name,status) VALUES
    (1881280326454484993,'测试','0 0 0/1 * * ? ','testService','test','disabled');
INSERT INTO key_value (id,`key`,value1,value2,`desc`,hidden_flag) VALUES
                                                                      (1876891213450829824,'homePage','<p style="text-indent: 2em; text-align: center; line-height: 2;"><br></p><p style="text-indent: 2em; line-height: 2;"><span style="font-size: 19px;">SIMPLE_PROJECT 后台管理系统</span></p><p style="text-indent: 2em; line-height: 2;"><span style="font-size: 19px;">轻量化, 小而全</span></p><p style="text-indent: 2em; line-height: 2;"><span style="font-size: 19px;">简单工程, 单个vue3工程, 单个java工程</span></p><p style="text-indent: 2em; line-height: 2;"><span style="font-size: 19px;">部署简单, 单个java部署即可</span></p><p style="text-indent: 2em; line-height: 2;"><span style="font-size: 19px;">高效, 静态文件采用七牛云存储, 不用担心网络带宽问题</span></p><p style="text-indent: 2em; line-height: 2;"><span style="font-size: 19px;">功能齐全, 系统参数, 定时任务, 图片上传, 富文本编辑, 后台用户管理, 角色权限, 组织架构...</span></p><p style="text-indent: 2em; line-height: 2;"><a href="https://www.vict5220.top/simple-server/app/index.html" target="_blank"><span style="color: rgb(66, 144, 247); font-size: 19px;"><u>打开app</u></span></a></p><p style="text-indent: 2em; text-align: left; line-height: 2;"><span style="font-size: 19px;">推广: </span><a href="https://www.aliyun.com/minisite/goods?userCode=q0xd0dm6" target="_blank"><span style="color: rgb(54, 88, 226); font-size: 19px;"><u>阿里云8折优惠券</u></span></a><span style="font-size: 19px;"> </span></p><p style="text-indent: 2em; text-align: left; line-height: 2;"><img src="http://file.vict5220.top/FG3ho9hxY8__2025_02_05__16_40_57.png?attname=%E5%BE%AE%E4%BF%A1%E6%88%AA%E5%9B%BE_20250205164041.png" alt="微信截图_20250205164041.png" data-href="https://www.aliyun.com/minisite/goods?userCode=q0xd0dm6" style="width: 50%;"> </p><p style="text-indent: 2em; text-align: left; line-height: 2;"><img src="http://file.vict5220.top/EkwFlHaZMt__2025_02_05__15_49_02.jpg?attname=man-7768120_1280.jpg" alt="man-7768120_1280.jpg" data-href="http://file.vict5220.top/EkwFlHaZMt__2025_02_05__15_49_02.jpg?attname=man-7768120_1280.jpg" style=""></p>','','首页',NULL),
                                                                      (1886968679494291456,'keyValue_no_auth_key','["loginPage","ICPValue"]',NULL,'不需要登录权限keyValue',NULL),
                                                                      (1886968918435401728,'loginPage','<p style="text-align: center;"><img src="http://file.vict5220.top/BMxNqmBJqt__2025_02_05__16_14_33.jpg?attname=ocean-8032698_1920.jpg" alt="ocean-8032698_1920.jpg" data-href="http://file.vict5220.top/BMxNqmBJqt__2025_02_05__16_14_33.jpg?attname=ocean-8032698_1920.jpg" style="width: 100%;"></p>',NULL,'登录页面配置',NULL),
                                                                      (1889563319428247552,'ICPValue','',NULL,'ICP备案信息',NULL),
                                                                      (1895037707411193856,'app_debugMode','DebugMode_no','appdebug模式开关','DebugMode_yes,DebugMode_no',NULL),
                                                                      (1895037764575363072,'app_logSwitch','LogSwitch_no','app日志开关','LogSwitch_yes , LogSwitch_no',NULL),
                                                                      (1900087715862208512,'app_home','<p style="text-align: center; line-height: 1.5;"><br></p><p style="text-align: center; line-height: 1.5;"><br></p><p style="text-align: center; line-height: 1.5;"><br></p><p style="text-align: center; line-height: 1.5;"><br></p><p style="text-align: center; line-height: 1.5;"><span style="color: rgb(0, 0, 0); background-color: rgb(245, 245, 245); font-size: 40px;">欢迎来到SIMPLE_APP！</span></p><p style="text-align: center; line-height: 1.5;"><span style="color: rgb(0, 0, 0); background-color: rgb(245, 245, 245); font-size: 32px;">助力专属APP！</span></p><p style="text-align: center; line-height: 1.5;"><span style="color: rgb(0, 0, 0); background-color: rgb(245, 245, 245); font-size: 32px;">多元方案，打造功能完备、</span></p><p style="text-align: center; line-height: 1.5;"><span style="color: rgb(0, 0, 0); background-color: rgb(245, 245, 245); font-size: 32px;">体验出色的APP，开启无限可能。</span></p><p style="text-align: center; line-height: 1.5;"><br></p>',NULL,'',NULL),
                                                                      (1900087745222336512,'app_url','https://www.vict5220.top/simple-server/app/index.html',NULL,'',NULL);
INSERT INTO organize (id,organize_name,father_id) VALUES
                                                      (1,'根组织',NULL),
                                                      (2,'组织001',1),
                                                      (1882232714597412864,'333',4),
                                                      (1882232731756310528,'444',4),
                                                      (1882232749959589888,'11111',1882232714597412864),
                                                      (1882237804187516928,'部门001',2),
                                                      (1882237818674642944,'部门002',2);
INSERT INTO organize_buser (id,organize_id,buser_id) VALUES
                                                         (1882338782394826752,2,1882266386767052800),
                                                         (1882338782394826753,2,1882266395226963968),
                                                         (1882343941649276938,1882237818674642944,1882266318211153920),
                                                         (1882343941649276939,1882237818674642944,1882266309608636416),
                                                         (1882343941649276940,1882237818674642944,1882266292999192576),
                                                         (1882343941649276941,1882237818674642944,1882266284841271296),
                                                         (1882343941649276942,1882237818674642944,1882266268227633152),
                                                         (1882343941649276943,1882237818674642944,1876186134182731776),
                                                         (1882347657295110144,1882237818674642944,1882266404160831488),
                                                         (1882347657295110145,1882237818674642944,1882266395226963968);
INSERT INTO organize_buser (id,organize_id,buser_id) VALUES
                                                         (1882347657295110146,1882237818674642944,1882266386767052800),
                                                         (1882347657295110147,1882237818674642944,1882266378693017600),
                                                         (1882347657295110148,1882237818674642944,1882266370728034304),
                                                         (1882347657295110149,1882237818674642944,1882266361521537024),
                                                         (1882347657295110150,1882237818674642944,1882266350280802304),
                                                         (1882347657295110151,1882237818674642944,1882266341778948096),
                                                         (1882347657295110152,1882237818674642944,1882266333256122368),
                                                         (1882347657295110153,1882237818674642944,1882266324888485888),
                                                         (1882352556267347971,1882237804187516928,1882266378693017600),
                                                         (1882352556267347972,1882237804187516928,1882266370728034304);
INSERT INTO organize_buser (id,organize_id,buser_id) VALUES
                                                         (1882352556267347980,1882237804187516928,1882266292999192576),
                                                         (1882352556267347981,1882237804187516928,1882266284841271296),
                                                         (1882352556267347982,1882237804187516928,1882266268227633152),
                                                         (1882352556267347983,1882237804187516928,1876186134182731776),
                                                         (1882352556267347984,1882237804187516928,1),
                                                         (1886955289942134784,1,1882266341778948096),
                                                         (1886955289942134785,1,1882266333256122368);
INSERT INTO `role` (id,rolename,permission_list) VALUES
                                                     (1876170317037293568,'管理员','["homePage", "learn01", "testPage1", "testPage2", "testPage3Pinia", "testTailwindcss", "testTailwindcss2", "testTailwindcss3Flex", "testPageKeepScroll", "testMenus", "testPageTag", "axios", "axios01", "axios02", "testUpload", "testWangEditor", "testTree", "testWs", "testWs2", "learnDrag", "ai", "aiExample", "chinesePoetry", "chinesePoetryClassifyDelete", "chinesePoetryClassifyUpdate", "chinesePoetryClassifyMove", "chinesePoetryAdd", "chinesePoetryImport", "chinesePoetryChangeClassify", "chinesePoetryDelete", "chinesePoetryUpdate", "chinesePoetryMove", "customerMenu", "customerOption", "addCustomer", "selectCustomer", "editCustomer", "deleteCustomer", "resetCustomerPassword", "yunYingZongXin", "neiBuBanGong", "buser", "addBuser", "selectBuser", "editBuser", "deleteBuser", "role", "addRole", "selectRole", "editRole", "deleteRole", "organize", "selectOrganize", "changOrganizeName", "addOrganize", "deleteOrganize", "organizeAddBuser", "organizeRemoveBuser", "customPage", "addCustomPage", "selectCustomPage", "editCustomPage", "deleteCustomPage", "system", "keyValue", "addKeyValue", "selectKeyValue", "editKeyValue", "deleteKeyValue", "job", "addJob", "selectJob", "editJob", "deleteJob", "selectJobHistory", "actionJob", "restartJob", "images", "imagesAdd", "imagesDelete", "imagesUpdate", "imagesMove", "ImageShow", "EditorShow"]'),
                                                     (1876431089115107328,'学习','["homePage", "learn01", "testPage1", "testPage2", "testPage3Pinia", "testTailwindcss", "testTailwindcss2", "testTailwindcss3Flex", "testPageKeepScroll", "testMenus", "testPageTag", "axios", "axios01", "axios02"]'),
                                                     (1887041190997225472,'体验账号','["homePage", "ai", "aiExample", "chinesePoetry", "customerMenu", "customerOption", "addCustomer", "selectCustomer", "yunYingZongXin", "neiBuBanGong", "buser", "addBuser", "selectBuser", "organize", "selectOrganize", "addOrganize", "customPage", "addCustomPage", "selectCustomPage", "system", "keyValue", "selectKeyValue", "job", "selectJob", "selectJobHistory", "images", "imagesAdd"]'),
                                                     (1889976289825214464,'AI体验','["ai", "aiExample"]');
INSERT INTO file_cache (id,resource_file_uri,redirect_url) VALUES
                                                               (1900105167740755968,'/simple-server/web/assets/AiExample-CWe4Z1g-.js','http://file.vict5220.top/simple-server/web/assets/AiExample-CWe4Z1g-.js'),
                                                               (1900105169334591488,'/simple-server/web/assets/BUser-DJHliETk.js','http://file.vict5220.top/simple-server/web/assets/BUser-DJHliETk.js'),
                                                               (1900105171083616256,'/simple-server/web/assets/ChinesePoetry-DQOaArSh.js','http://file.vict5220.top/simple-server/web/assets/ChinesePoetry-DQOaArSh.js'),
                                                               (1900105172832641024,'/simple-server/web/assets/ChinesePoetry-fgd4MCfM.css','http://file.vict5220.top/simple-server/web/assets/ChinesePoetry-fgd4MCfM.css'),
                                                               (1900105174657163264,'/simple-server/web/assets/CustomPage-DZ3QsKgp.js','http://file.vict5220.top/simple-server/web/assets/CustomPage-DZ3QsKgp.js'),
                                                               (1900105176221638656,'/simple-server/web/assets/CustomPageShow-Be455zRb.js','http://file.vict5220.top/simple-server/web/assets/CustomPageShow-Be455zRb.js'),
                                                               (1900105177861611520,'/simple-server/web/assets/CustomerOption-NCVLR028.js','http://file.vict5220.top/simple-server/web/assets/CustomerOption-NCVLR028.js'),
                                                               (1900105179480612864,'/simple-server/web/assets/EditorShow-DbHUyVwD.js','http://file.vict5220.top/simple-server/web/assets/EditorShow-DbHUyVwD.js'),
                                                               (1900105181066059776,'/simple-server/web/assets/FlipUtil-BZrHcy-v.js','http://file.vict5220.top/simple-server/web/assets/FlipUtil-BZrHcy-v.js'),
                                                               (1900105182810890240,'/simple-server/web/assets/HomePage-D2xB7h8i.js','http://file.vict5220.top/simple-server/web/assets/HomePage-D2xB7h8i.js');
INSERT INTO file_cache (id,resource_file_uri,redirect_url) VALUES
                                                               (1900105184362782720,'/simple-server/web/assets/ImageShow-VRcA1Ci3.js','http://file.vict5220.top/simple-server/web/assets/ImageShow-VRcA1Ci3.js'),
                                                               (1900105185927258112,'/simple-server/web/assets/ImageTypes-B7Xt_606.js','http://file.vict5220.top/simple-server/web/assets/ImageTypes-B7Xt_606.js'),
                                                               (1900105187433013248,'/simple-server/web/assets/Images-BlgEkt95.css','http://file.vict5220.top/simple-server/web/assets/Images-BlgEkt95.css'),
                                                               (1900105188997488640,'/simple-server/web/assets/Images-BllgXFdR.js','http://file.vict5220.top/simple-server/web/assets/Images-BllgXFdR.js'),
                                                               (1900105190738124800,'/simple-server/web/assets/InnerDialog.vue_vue_type_script_setup_true_name_InnerDialog_lang-CJVRfsyE.js','http://file.vict5220.top/simple-server/web/assets/InnerDialog.vue_vue_type_script_setup_true_name_InnerDialog_lang-CJVRfsyE.js'),
                                                               (1900105192474566656,'/simple-server/web/assets/Job-vns6uPWC.js','http://file.vict5220.top/simple-server/web/assets/Job-vns6uPWC.js'),
                                                               (1900105193892241408,'/simple-server/web/assets/KeyValue-CyhCp-Dn.js','http://file.vict5220.top/simple-server/web/assets/KeyValue-CyhCp-Dn.js'),
                                                               (1900105195460911104,'/simple-server/web/assets/KeyValueUtils-CHgsh9ZX.js','http://file.vict5220.top/simple-server/web/assets/KeyValueUtils-CHgsh9ZX.js'),
                                                               (1900105200590544896,'/simple-server/web/assets/LiuJianMaoCao-Regular-BQ_y2_ib.ttf','http://file.vict5220.top/simple-server/web/assets/LiuJianMaoCao-Regular-BQ_y2_ib.ttf'),
                                                               (1900105202096300032,'/simple-server/web/assets/Login-DkOsS3iT.js','http://file.vict5220.top/simple-server/web/assets/Login-DkOsS3iT.js');
INSERT INTO file_cache (id,resource_file_uri,redirect_url) VALUES
                                                               (1900105203748855808,'/simple-server/web/assets/MenuItem.vue_vue_type_script_setup_true_name_MenuItem_lang-C-QbxGqH.js','http://file.vict5220.top/simple-server/web/assets/MenuItem.vue_vue_type_script_setup_true_name_MenuItem_lang-C-QbxGqH.js'),
                                                               (1900105205602738176,'/simple-server/web/assets/OZpDg_dtriVFNerMUzykkw-DjhV6bt-.woff2','http://file.vict5220.top/simple-server/web/assets/OZpDg_dtriVFNerMUzykkw-DjhV6bt-.woff2'),
                                                               (1900105207045578752,'/simple-server/web/assets/Organize-BOb2_DrL.js','http://file.vict5220.top/simple-server/web/assets/Organize-BOb2_DrL.js'),
                                                               (1900105208467447808,'/simple-server/web/assets/QiNiuUtils-Cv-kuuK-.js','http://file.vict5220.top/simple-server/web/assets/QiNiuUtils-Cv-kuuK-.js'),
                                                               (1900105209893511168,'/simple-server/web/assets/QiniuUpload.vue_vue_type_script_setup_true_name_QiniuUpload_lang-BkZmQhJs.js','http://file.vict5220.top/simple-server/web/assets/QiniuUpload.vue_vue_type_script_setup_true_name_QiniuUpload_lang-BkZmQhJs.js'),
                                                               (1900105211495735296,'/simple-server/web/assets/Request-CetPU7Hq.js','http://file.vict5220.top/simple-server/web/assets/Request-CetPU7Hq.js'),
                                                               (1900105212909215744,'/simple-server/web/assets/Role-DZMua2Tn.js','http://file.vict5220.top/simple-server/web/assets/Role-DZMua2Tn.js'),
                                                               (1900105214406582272,'/simple-server/web/assets/TestTree-EzMZ2jnw.js','http://file.vict5220.top/simple-server/web/assets/TestTree-EzMZ2jnw.js'),
                                                               (1900105216117858304,'/simple-server/web/assets/WangEditor-nHDhGvq6.css','http://file.vict5220.top/simple-server/web/assets/WangEditor-nHDhGvq6.css'),
                                                               (1900105218479251456,'/simple-server/web/assets/WangEditor.vue_vue_type_script_setup_true_name_WangEditor_lang-D4i3dH4M.js','http://file.vict5220.top/simple-server/web/assets/WangEditor.vue_vue_type_script_setup_true_name_WangEditor_lang-D4i3dH4M.js');
INSERT INTO file_cache (id,resource_file_uri,redirect_url) VALUES
                                                               (1900105219850788864,'/simple-server/web/assets/WsServiceHooks-BV39pWQh.js','http://file.vict5220.top/simple-server/web/assets/WsServiceHooks-BV39pWQh.js'),
                                                               (1900105221490761728,'/simple-server/web/assets/WsStore-DMjSSfLZ.js','http://file.vict5220.top/simple-server/web/assets/WsStore-DMjSSfLZ.js'),
                                                               (1900105222975545344,'/simple-server/web/assets/_plugin-vue_export-helper-DlAUqK2U.js','http://file.vict5220.top/simple-server/web/assets/_plugin-vue_export-helper-DlAUqK2U.js'),
                                                               (1900105224548409344,'/simple-server/web/assets/application-D1BRas1R.js','http://file.vict5220.top/simple-server/web/assets/application-D1BRas1R.js'),
                                                               (1900105226091913216,'/simple-server/web/assets/application-DYfLXQUy.css','http://file.vict5220.top/simple-server/web/assets/application-DYfLXQUy.css'),
                                                               (1900105227652194304,'/simple-server/web/assets/applicationServiceHooks-BfvMpp1X.js','http://file.vict5220.top/simple-server/web/assets/applicationServiceHooks-BfvMpp1X.js'),
                                                               (1900105229602545664,'/simple-server/web/assets/axios-upsvKRUO.js','http://file.vict5220.top/simple-server/web/assets/axios-upsvKRUO.js'),
                                                               (1900105231108300800,'/simple-server/web/assets/axios01-D8MYReY7.js','http://file.vict5220.top/simple-server/web/assets/axios01-D8MYReY7.js'),
                                                               (1900105232840548352,'/simple-server/web/assets/axios02-D5vRhk-y.js','http://file.vict5220.top/simple-server/web/assets/axios02-D5vRhk-y.js'),
                                                               (1900105234908340224,'/simple-server/web/assets/index-1f67Sn5D.css','http://file.vict5220.top/simple-server/web/assets/index-1f67Sn5D.css');
INSERT INTO file_cache (id,resource_file_uri,redirect_url) VALUES
                                                               (1900105236367958016,'/simple-server/web/assets/index-CF-hS54E.js','http://file.vict5220.top/simple-server/web/assets/index-CF-hS54E.js'),
                                                               (1900105239480131584,'/simple-server/web/assets/index-CvkTKLRo.js','http://file.vict5220.top/simple-server/web/assets/index-CvkTKLRo.js'),
                                                               (1900105241245933568,'/simple-server/web/assets/learnDrag-D66bZD3v.css','http://file.vict5220.top/simple-server/web/assets/learnDrag-D66bZD3v.css'),
                                                               (1900105243045289984,'/simple-server/web/assets/learnDrag-DnK2GAF9.js','http://file.vict5220.top/simple-server/web/assets/learnDrag-DnK2GAF9.js'),
                                                               (1900105244798509056,'/simple-server/web/assets/md5-DHu8yTjX.js','http://file.vict5220.top/simple-server/web/assets/md5-DHu8yTjX.js'),
                                                               (1900105246207795200,'/simple-server/web/assets/testMenus-BuKOGahc.js','http://file.vict5220.top/simple-server/web/assets/testMenus-BuKOGahc.js'),
                                                               (1900105247726133248,'/simple-server/web/assets/testOpenPages1-DivshNCf.js','http://file.vict5220.top/simple-server/web/assets/testOpenPages1-DivshNCf.js'),
                                                               (1900105249403854848,'/simple-server/web/assets/testOpenPages2-B5tt6yYz.js','http://file.vict5220.top/simple-server/web/assets/testOpenPages2-B5tt6yYz.js'),
                                                               (1900105250980913152,'/simple-server/web/assets/testPage1-CM5F9CqA.js','http://file.vict5220.top/simple-server/web/assets/testPage1-CM5F9CqA.js'),
                                                               (1900105252612497408,'/simple-server/web/assets/testPage2-BwQVnNTH.js','http://file.vict5220.top/simple-server/web/assets/testPage2-BwQVnNTH.js');
INSERT INTO file_cache (id,resource_file_uri,redirect_url) VALUES
                                                               (1900105254030172160,'/simple-server/web/assets/testPage3Pinia-FqZG4D0R.js','http://file.vict5220.top/simple-server/web/assets/testPage3Pinia-FqZG4D0R.js'),
                                                               (1900105255632396288,'/simple-server/web/assets/testPageKeepScroll-lgZb6A-F.js','http://file.vict5220.top/simple-server/web/assets/testPageKeepScroll-lgZb6A-F.js'),
                                                               (1900105257234620416,'/simple-server/web/assets/testPageTag-DRCEJCCH.js','http://file.vict5220.top/simple-server/web/assets/testPageTag-DRCEJCCH.js'),
                                                               (1900105258929119232,'/simple-server/web/assets/testPageTag-DpBneiqN.css','http://file.vict5220.top/simple-server/web/assets/testPageTag-DpBneiqN.css'),
                                                               (1900105260434874368,'/simple-server/web/assets/testTailwindcss-Buy64FfG.css','http://file.vict5220.top/simple-server/web/assets/testTailwindcss-Buy64FfG.css'),
                                                               (1900105262058070016,'/simple-server/web/assets/testTailwindcss-C4gj2Buh.js','http://file.vict5220.top/simple-server/web/assets/testTailwindcss-C4gj2Buh.js'),
                                                               (1900105263777734656,'/simple-server/web/assets/testTailwindcss2-CaCEUl_N.js','http://file.vict5220.top/simple-server/web/assets/testTailwindcss2-CaCEUl_N.js'),
                                                               (1900105265493204992,'/simple-server/web/assets/testTailwindcss3Flex-Dw1Ya_xR.js','http://file.vict5220.top/simple-server/web/assets/testTailwindcss3Flex-Dw1Ya_xR.js'),
                                                               (1900105267045097472,'/simple-server/web/assets/testUpload-B69cUlfx.js','http://file.vict5220.top/simple-server/web/assets/testUpload-B69cUlfx.js'),
                                                               (1900105268546658304,'/simple-server/web/assets/testWangEditor-Q1fYPOM4.js','http://file.vict5220.top/simple-server/web/assets/testWangEditor-Q1fYPOM4.js');
INSERT INTO file_cache (id,resource_file_uri,redirect_url) VALUES
                                                               (1900105270102745088,'/simple-server/web/assets/testWs-DMXYeXEe.js','http://file.vict5220.top/simple-server/web/assets/testWs-DMXYeXEe.js'),
                                                               (1900105271608500224,'/simple-server/web/assets/testWs2-CohFrp5e.js','http://file.vict5220.top/simple-server/web/assets/testWs2-CohFrp5e.js'),
                                                               (1900105274804559872,'/simple-server/web/webFile','http://file.vict5220.top/simple-server/web/webFile'),
                                                               (1900105276369035264,'/simple-server/app/appFile','http://file.vict5220.top/simple-server/app/appFile'),
                                                               (1900105277920927744,'/simple-server/app/assets/KeyValueUtils.C1aYRmIA.js','http://file.vict5220.top/simple-server/app/assets/KeyValueUtils.C1aYRmIA.js'),
                                                               (1900105279497986048,'/simple-server/app/assets/_plugin-vue_export-helper.BCo6x5W8.js','http://file.vict5220.top/simple-server/app/assets/_plugin-vue_export-helper.BCo6x5W8.js'),
                                                               (1900105281054072832,'/simple-server/app/assets/home-DbdWHcJV.css','http://file.vict5220.top/simple-server/app/assets/home-DbdWHcJV.css'),
                                                               (1900105282484330496,'/simple-server/app/assets/index-CExP4_PV.css','http://file.vict5220.top/simple-server/app/assets/index-CExP4_PV.css'),
                                                               (1900105284833140736,'/simple-server/app/assets/index-DtQX_TBt.js','http://file.vict5220.top/simple-server/app/assets/index-DtQX_TBt.js'),
                                                               (1900105286217261056,'/simple-server/app/assets/learnPageFullHeight-B1rtsJjB.css','http://file.vict5220.top/simple-server/app/assets/learnPageFullHeight-B1rtsJjB.css');
INSERT INTO file_cache (id,resource_file_uri,redirect_url) VALUES
                                                               (1900105287915954176,'/simple-server/app/assets/learnPopup-B7zYOd-b.css','http://file.vict5220.top/simple-server/app/assets/learnPopup-B7zYOd-b.css'),
                                                               (1900105289421709312,'/simple-server/app/assets/my-8SLo0PmN.css','http://file.vict5220.top/simple-server/app/assets/my-8SLo0PmN.css'),
                                                               (1900105291070070784,'/simple-server/app/assets/pages-home-home.pSdIGxbV.js','http://file.vict5220.top/simple-server/app/assets/pages-home-home.pSdIGxbV.js'),
                                                               (1900105292684877824,'/simple-server/app/assets/pages-learn-learnEnv.DjpzC6tY.js','http://file.vict5220.top/simple-server/app/assets/pages-learn-learnEnv.DjpzC6tY.js'),
                                                               (1900105294391959552,'/simple-server/app/assets/pages-learn-learnHome.Ca93AsbM.js','http://file.vict5220.top/simple-server/app/assets/pages-learn-learnHome.Ca93AsbM.js'),
                                                               (1900105296103235584,'/simple-server/app/assets/pages-learn-learnPageFullHeight.C-hxNXDv.js','http://file.vict5220.top/simple-server/app/assets/pages-learn-learnPageFullHeight.C-hxNXDv.js'),
                                                               (1900105297600602112,'/simple-server/app/assets/pages-learn-learnPopup.CtjHXmBE.js','http://file.vict5220.top/simple-server/app/assets/pages-learn-learnPopup.CtjHXmBE.js'),
                                                               (1900105299014082560,'/simple-server/app/assets/pages-learn-learnRequest.CFHHS0U8.js','http://file.vict5220.top/simple-server/app/assets/pages-learn-learnRequest.CFHHS0U8.js'),
                                                               (1900105300704387072,'/simple-server/app/assets/pages-learn-learnUvUi.D0vId5yO.js','http://file.vict5220.top/simple-server/app/assets/pages-learn-learnUvUi.D0vId5yO.js'),
                                                               (1900105302579240960,'/simple-server/app/assets/pages-learn-learnWebView.BiStvm5C.js','http://file.vict5220.top/simple-server/app/assets/pages-learn-learnWebView.BiStvm5C.js');
INSERT INTO file_cache (id,resource_file_uri,redirect_url) VALUES
                                                               (1900105304361820160,'/simple-server/app/assets/pages-learn-logTest.CPVk9y5f.js','http://file.vict5220.top/simple-server/app/assets/pages-learn-logTest.CPVk9y5f.js'),
                                                               (1900105306253451264,'/simple-server/app/assets/pages-learn-wsTest.CkUk7_7m.js','http://file.vict5220.top/simple-server/app/assets/pages-learn-wsTest.CkUk7_7m.js'),
                                                               (1900105308212191232,'/simple-server/app/assets/pages-login-login.C9UgBpb0.js','http://file.vict5220.top/simple-server/app/assets/pages-login-login.C9UgBpb0.js'),
                                                               (1900105309814415360,'/simple-server/app/assets/pages-my-my.BP-29Z_L.js','http://file.vict5220.top/simple-server/app/assets/pages-my-my.BP-29Z_L.js'),
                                                               (1900105311475359744,'/simple-server/app/assets/pages-my-setting-setting.CwWxCtuy.js','http://file.vict5220.top/simple-server/app/assets/pages-my-setting-setting.CwWxCtuy.js'),
                                                               (1900105313404739584,'/simple-server/app/assets/tabBar-KKKJCgVG.css','http://file.vict5220.top/simple-server/app/assets/tabBar-KKKJCgVG.css'),
                                                               (1900105315233456128,'/simple-server/app/assets/tabBar.CxI2g-8G.js','http://file.vict5220.top/simple-server/app/assets/tabBar.CxI2g-8G.js'),
                                                               (1900105317284470784,'/simple-server/app/assets/uni.bb6295b8.css','http://file.vict5220.top/simple-server/app/assets/uni.bb6295b8.css'),
                                                               (1900105318957998080,'/simple-server/app/assets/uv-button-DfUZgllI.css','http://file.vict5220.top/simple-server/app/assets/uv-button-DfUZgllI.css'),
                                                               (1900105320711217152,'/simple-server/app/assets/uv-button.CF4bgNmF.js','http://file.vict5220.top/simple-server/app/assets/uv-button.CF4bgNmF.js');
INSERT INTO file_cache (id,resource_file_uri,redirect_url) VALUES
                                                               (1900105322284081152,'/simple-server/app/assets/uv-icon-CKDjsyde.css','http://file.vict5220.top/simple-server/app/assets/uv-icon-CKDjsyde.css'),
                                                               (1900105324372844544,'/simple-server/app/assets/uv-icon.7B4gVsCl.js','http://file.vict5220.top/simple-server/app/assets/uv-icon.7B4gVsCl.js'),
                                                               (1900105326151229440,'/simple-server/app/assets/uv-input-DMerUGHH.css','http://file.vict5220.top/simple-server/app/assets/uv-input-DMerUGHH.css'),
                                                               (1900105328168689664,'/simple-server/app/assets/uv-input.nzu5Vbsi.js','http://file.vict5220.top/simple-server/app/assets/uv-input.nzu5Vbsi.js'),
                                                               (1900105329942880256,'/simple-server/app/assets/uvicons-DzZuDpaw.ttf','http://file.vict5220.top/simple-server/app/assets/uvicons-DzZuDpaw.ttf'),
                                                               (1900107983695650816,'/simple-server/web/favicon.ico','http://file.vict5220.top//simple-server/web/favicon.ico1900107981241982976'),
                                                               (1900107985213988864,'/simple-server/app/static/images/home.png','http://file.vict5220.top//simple-server/app/static/images/home.png1900107983913754624'),
                                                               (1900107986585526272,'/simple-server/app/static/images/home_active.png','http://file.vict5220.top//simple-server/app/static/images/home_active.png1900107985281097728'),
                                                               (1900107987873177600,'/simple-server/app/static/images/my.png','http://file.vict5220.top//simple-server/app/static/images/my.png1900107986593914880'),
                                                               (1900107989190189056,'/simple-server/app/static/images/my_active.png','http://file.vict5220.top//simple-server/app/static/images/my_active.png1900107987898343424');
INSERT INTO file_cache (id,resource_file_uri,redirect_url) VALUES
    (1900107990440091648,'/simple-server/app/static/logo.png','http://file.vict5220.top//simple-server/app/static/logo.png1900107989215354880');
